"Pulkit Pareek, [19-07-2023 03:41 PM]"
https://www.youtube.com/shorts/BMG-FN3wAKM

"Pulkit Pareek, [19-07-2023 03:42 PM]"
https://www.youtube.com/shorts/T_rrjzMA12U

"Pulkit Pareek, [19-07-2023 03:42 PM]"
https://www.youtube.com/shorts/1sZTQQbwFco

"Pulkit Pareek, [19-07-2023 03:42 PM]"
https://www.youtube.com/shorts/eDl3ZEVfNyA

"Pulkit Pareek, [19-07-2023 03:44 PM]"
https://www.youtube.com/shorts/2lbt8anD_Fg

"Pulkit Pareek, [19-07-2023 03:45 PM]"
https://www.youtube.com/shorts/ISo3-Ewwk5s

"Pulkit Pareek, [19-07-2023 03:47 PM]"
https://www.youtube.com/shorts/jqWHTYjw2wY

"Pulkit Pareek, [19-07-2023 03:48 PM]"
https://www.youtube.com/shorts/MpLAPnin-X4

"Pulkit Pareek, [19-07-2023 03:49 PM]"
https://www.youtube.com/shorts/Ug7HNHMdUn4

"Pulkit Pareek, [19-07-2023 03:56 PM]"
https://www.youtube.com/shorts/cAZVPQY2lr4

"Pulkit Pareek, [19-07-2023 03:56 PM]"
https://www.youtube.com/shorts/rHtxJhPqvVw

"Pulkit Pareek, [19-07-2023 03:58 PM]"
https://www.youtube.com/shorts/h6IL39DBtiI

"Pulkit Pareek, [19-07-2023 03:58 PM]"
https://www.youtube.com/shorts/TQdVHapnBCg

"Pulkit Pareek, [19-07-2023 03:59 PM]"
https://www.youtube.com/shorts/TlP13ju3syw

"Pulkit Pareek, [19-07-2023 04:00 PM]"
https://www.youtube.com/shorts/dLq4DNG0E5w

"Pulkit Pareek, [19-07-2023 04:01 PM]"
https://www.youtube.com/shorts/BRIiWpIV6dA

"Pulkit Pareek, [19-07-2023 04:01 PM]"
https://www.youtube.com/shorts/G-WAGZE3_sU

"Pulkit Pareek, [19-07-2023 04:03 PM]"
https://www.youtube.com/shorts/GGHxRUy59m4

"Pulkit Pareek, [19-07-2023 04:03 PM]"
https://www.youtube.com/shorts/yiYeuvHQ5sA

"Pulkit Pareek, [19-07-2023 04:04 PM]"
https://www.youtube.com/shorts/flm030WI8yg

"Pulkit Pareek, [19-07-2023 04:05 PM]"
https://www.youtube.com/shorts/WpC_1l_hR3k

"Pulkit Pareek, [19-07-2023 04:05 PM]"
21 Videos Posted
